Pungo, Seymour, heisadog, pungo@buzr.com
Jackson,Frank,XEy)po],teh@wafepsij.co.uk
Ernest,Ward,[6tSk[D,laalupu@zehteg.com
Stephen,Manning,CLg&G%j,zokzi@gool.net
Lloyd,Cannon,Gqj]ZwQ,vem@sa.gov
Alice,Garner,lW7wzth,tealudit@pabepeiv.co.uk
Susie,Roberts,rN$X7@D,sahzalop@zawom.com
Eva,Moran,lA3R%g5,dihgaguji@sif.org
Addie,Newton,ncGIRUu,pinikpoj@ibuipe.gov
Austin,Parker,15eiGK),bisozdeh@irkol.edu
Nettie,Sparks,TP89^ha,wokokif@ped.gov
Harriet,Buchanan,A[8^FM3,fadde@wu.gov
Dollie,Fernandez,S25!Iz*,muz@ovha.gov
Adam,Rivera,4suDvLL,ja@ez.io
Elnora,Washington,R%0tPjk,ug@javuhe.com
Eunice,Rios,r@aiWAh,hisioca@bucehpa.org
Jose,Hopkins,8Bv1pBJ,lan@emuzaf.io
Fanny,Manning,t$3Xg79,ipnense@ruicvow.org
Franklin,Reynolds,moYkIMw,nadew@gu.edu
Leonard,Brown,28Y^JqV,isoulacup@tus.org
Theodore,Hardy,x##jICn,cace@nos.net
Johnny,Wolfe,n&@$e1G,hejumabu@lel.co.uk
Olive,Bowman,A4)3yZc,ti@vevfawa.gov
Gene,Nguyen,SW5wX48,juv@henosuca.net
Olga,Boyd,94#ZPaL,le@gisfened.org
Cody,Elliott,H4$A4R2,liujul@debmazak.org
Willie,Knight,3]9dxwo,wam@tiz.org
Jacob,Davis,3ye%Ih*,zobleh@bil.co.uk
Johanna,Hansen,Y$f]cHU,uciz@daewe.com
Kenneth,Burns,7NCOThX,ada@jom.io
Charles,Hansen,ETcYf4u,rip@fiat.edu
Jane,Montgomery,Wva%o6r,ud@botilabo.gov
Leo,Vargas,BjD#6l7,eb@tudwed.io
John,Benson,5n5AF]4,bu@wem.edu
Hilda,Strickland,AM4#Agm,zowru@guoj.co.uk
Jorge,Sanders,AN7$5#Q,uhafe@lowcorced.gov
Angel,Watkins,7k67KHm,pobbijom@lokcud.io
Herbert,Nunez,d!#v12I,tuje@lifenjun.org
Todd,Burns,TIUU9C0,vedoneh@gekujo.co.uk
Jorge,Singleton,lcs)$4g,fahed@ufiisuutu.net
Jonathan,Newman,37huhb1,baabfu@loszenif.org
Flora,Spencer,T@w3N)*,jaj@mer.com
Elizabeth,Adkins,sz@]iTm,pefuhdap@rikli.net
Matilda,Powers,GA[qxXK,duris@tanbe.net
Patrick,Barnett,K&wqk%k,ecebah@os.io
Louis,Gordon,9tw1W7),dos@kehve.io
Tony,Rodgers,UrEhSNo,cakra@gohucinal.edu
Ollie,Stevenson,%@7FWRa,tav@ol.io
Sue,Hodges,Bk91LrW,fuczuda@batco.com
Todd,McBride,G(pJysz,do@elidoceg.co.uk
Carl,Norris,Z5zMD4A,poluse@wahom.co.uk
Norman,Peterson,vae%Mbo,gololnu@zafic.gov
Glen,Burgess,CfeOZEP,fowmo@fupad.com
Gordon,Hughes,(i1e[b#,cogjif@poje.org
Harriett,Sanchez,#0gHfu%,hu@li.net
Mabel,Perry,LhZHER#,ico@lamawo.co.uk
Evan,Reese,2u*rQ53,pavivof@ni.org
Grace,Allen,t1QeBK[,ru@cu.org
Jim,Colon,j!Qz)Oe,medodo@aphu.org
Ronnie,Green,rC0A*NW,pegi@huj.com
Aiden,Mullins,(hzdrUX,gukuc@jebuse.gov
Winnie,King,kTL2]$%,tu@esle.com
Nellie,Ortega,mazSGbI,ejino@oli.edu
Rosetta,Schwartz,%UEHDOn,rohri@piuge.io
Wayne,Buchanan,cT%K2V^,wina@javheg.org
Ada,Rhodes,1eg6r2m,rabfugvis@binogdo.edu
Jeffery,Hayes,Zr3D[FR,so@feg.net
Lettie,Bradley,jXQs[I^,deuvtu@sawom.org
Wesley,Phillips,)AmP]]b,veihu@lan.edu
Mildred,Rivera,wS3CGsu,hos@wewot.edu
Jackson,Woods,b2@qsJb,okenidsor@sime.edu
Ronald,Day,NMlUn6t,heavaino@mene.edu
Jackson,Evans,oDlSZj@,so@merwa.net
Isabella,Elliott,3y5&fd!,wocbur@ahopo.net
Evan,Howell,Z^Rp4ud,falva@far.gov
Ivan,Ramsey,[P@2x1h,wuok@vu.io
Harriet,Hampton,0]dlY^h,geso@ve.gov
Jon,Spencer,5eUAVPN,pagew@armu.gov
Lucile,Underwood,lZdDgPo,tiujisa@wa.edu
Gabriel,Waters,d(6Za@G,osojuv@ja.com
Ray,Rodgers,I5R5z%2,pifavuhu@goprup.gov
Ann,Ingram,o[JWv^V,ifuabu@ajuhu.gov
Verna,Ingram,JIBQN0g,nec@moran.com
Lily,Weber,4wCZp*7,potampo@faleliha.io
Rosie,Diaz,NLAffx],cimaru@big.gov
Ethel,Roberts,VK4BNkN,puaki@utcurih.co.uk
Helen,Mendez,WSwQJ]8,fucenco@nerlazmil.com
Marcus,Wright,D^vB#u9,fibsulnet@dih.co.uk
David,Nash,QbY^9lL,riglu@paoce.com
Lucille,Owen,D]lesbq,wedad@age.net
Vincent,Singleton,C6vlpqF,zof@piksi.io
Belle,Wilkins,MbXt2&N,bed@jumdez.com
Darrell,Saunders,4ErqumK,up@puj.io
Edward,Carpenter,W7kAXgo,ecedap@we.org
Ora,Collier,rG0#2bL,hovded@jejejka.net
Noah,Casey,s&8A8jk,gevatow@muvugu.com
Eleanor,Ballard,b6zBoQ5,cana@tej.edu
Alberta,Hines,*sRNNb3,calev@gomdoj.gov
John,Soto,sI*pywW,ti@nu.edu
Eula,Morton,NGb([ZF,abona@setnehur.edu
Francisco,Watts,m5$s#gd,juewahe@zilvas.gov
